datetime,open,high,low,close,volume
2020-01-02,14.77,15.07,14.67,14.99,1530232.0
2020-01-03,15.06,15.43,15.04,15.3,1116195.0
2020-01-06,15.13,15.46,15.03,15.19,862084.0
2020-01-07,15.25,15.4,15.07,15.27,728608.0
2020-01-08,15.12,15.17,14.75,14.78,847824.0
2020-01-09,14.93,15.05,14.65,14.91,1031637.0
2020-01-10,14.91,14.93,14.64,14.81,585548.0
2020-01-13,14.87,15.15,14.73,15.11,872133.0
2020-01-14,15.11,15.39,14.88,14.88,1304494.0
2020-01-15,14.91,14.98,14.57,14.64,859439.0
2020-01-16,14.64,14.69,14.32,14.45,1028105.0
2020-01-17,14.5,14.67,14.47,14.51,605437.0
2020-01-20,14.55,14.73,14.47,14.57,746075.0
2020-01-21,14.46,14.46,14.05,14.12,896603.0
2020-01-22,14.04,14.28,13.83,14.21,719465.0
2020-01-23,14.04,14.04,13.51,13.66,1100592.0
2020-02-03,12.11,12.82,12.11,12.11,2259195.0
2020-02-04,12.17,12.78,12.14,12.72,1706172.0
2020-02-05,12.71,13.01,12.44,12.75,1491380.0
2020-02-06,12.93,12.99,12.63,12.89,1185816.0
2020-02-07,12.72,12.81,12.53,12.74,924853.0
2020-02-10,12.63,12.65,12.42,12.62,1339495.0
2020-02-11,12.72,13.06,12.68,12.91,1407507.0
2020-02-12,12.91,12.94,12.72,12.89,1070503.0
2020-02-13,12.83,13.0,12.73,12.77,1013205.0
2020-02-14,12.87,13.26,12.82,13.15,1512435.0
2020-02-17,13.16,13.49,13.05,13.49,1543696.0
2020-02-18,13.45,13.45,13.13,13.32,973612.0
2020-02-19,13.22,13.49,13.2,13.36,874107.0
2020-02-20,13.39,13.74,13.22,13.71,1235444.0
2020-02-21,13.61,13.84,13.57,13.7,995071.0
2020-02-24,13.58,13.58,13.27,13.35,1191795.0
2020-02-25,13.12,13.25,12.9,13.16,1144575.0
2020-02-26,12.89,13.39,12.82,13.11,1176599.0
2020-02-27,13.08,13.27,13.01,13.23,975271.0
2020-02-28,12.97,13.16,12.58,12.62,1300644.0
2020-03-02,12.67,13.07,12.58,12.91,1116581.0
2020-03-03,13.08,13.11,12.75,12.84,1153584.0
2020-03-04,12.8,12.9,12.63,12.81,862595.0
2020-03-05,12.92,13.76,12.85,13.51,2686602.0
2020-03-06,13.3,13.39,13.14,13.15,1228531.0
2020-03-09,12.83,12.85,12.54,12.57,1665794.0
2020-03-10,12.5,12.97,12.5,12.88,1167865.0
2020-03-11,12.89,13.0,12.74,12.81,814382.0
2020-03-12,12.77,12.96,12.65,12.8,986497.0
2020-03-13,12.02,12.7,12.02,12.64,1169766.0
2020-03-16,12.57,12.58,11.87,11.87,1406202.0
2020-03-17,11.87,12.09,11.25,11.53,1177849.0
2020-03-18,11.53,11.67,10.77,10.83,1384784.0
2020-03-19,10.8,10.86,10.03,10.35,1891457.0
2020-03-20,10.52,10.8,10.38,10.64,1578353.0
2020-03-23,10.12,10.47,10.05,10.27,1071114.0
2020-03-24,10.52,10.8,10.39,10.73,1180200.0
2020-03-25,11.0,11.19,10.82,10.99,1136958.0
2020-03-26,10.9,11.46,10.84,11.18,1075192.0
2020-03-27,11.37,11.5,11.2,11.27,653019.0
2020-03-30,10.97,11.16,10.88,11.06,661739.0
2020-03-31,11.17,11.21,10.9,10.92,513370.0
2020-04-01,10.98,11.25,10.94,11.01,520836.0
2020-04-02,10.87,11.09,10.78,11.09,518365.0
2020-04-03,10.94,11.01,10.67,10.73,825348.0
2020-04-07,11.01,11.06,10.93,11.0,870314.0
2020-04-08,11.0,11.04,10.84,10.9,528716.0
2020-04-09,11.0,11.01,10.84,10.86,408554.0
2020-04-10,10.88,11.1,10.77,10.91,666675.0
2020-04-13,10.79,10.83,10.59,10.71,446214.0
2020-04-14,10.77,10.98,10.69,10.98,686087.0
2020-04-15,10.98,11.05,10.9,10.99,656396.0
2020-04-16,10.91,10.91,10.66,10.8,789155.0
2020-04-17,10.89,11.16,10.77,11.01,1331165.0
2020-04-20,10.98,11.17,10.89,11.11,818456.0
2020-04-21,11.42,11.82,11.42,11.57,2122448.0
2020-04-22,11.49,11.54,11.28,11.35,1032803.0
2020-04-23,11.35,11.43,11.23,11.35,646990.0
2020-04-24,11.29,11.4,11.23,11.36,566002.0
2020-04-27,11.42,11.76,11.37,11.62,936830.0
2020-04-28,11.57,11.68,11.39,11.64,771564.0
2020-04-29,11.6,12.22,11.57,12.14,1108722.0
2020-04-30,12.14,12.44,12.0,12.05,819540.0
2020-05-06,11.88,12.01,11.73,11.89,1008998.0
2020-05-07,11.88,11.88,11.72,11.81,662749.0
2020-05-08,11.88,12.14,11.8,12.07,934782.0
2020-05-11,12.04,12.25,12.02,12.12,612862.0
2020-05-12,12.07,12.17,11.84,11.91,558511.0
2020-05-13,11.87,11.9,11.65,11.75,640359.0
2020-05-14,11.67,11.71,11.34,11.42,944672.0
2020-05-15,11.51,11.55,11.26,11.35,756794.0
2020-05-18,11.32,11.46,11.24,11.32,637209.0
2020-05-19,11.53,11.57,11.39,11.48,600369.0
2020-05-20,11.5,11.74,11.39,11.63,690851.0
2020-05-21,11.64,11.69,11.48,11.52,552312.0
2020-05-22,11.45,11.46,11.04,11.04,856237.0
2020-05-25,11.09,11.1,10.88,11.08,410171.0
2020-05-26,11.14,11.19,11.06,11.16,396212.0
2020-05-27,11.17,11.31,11.08,11.12,482963.0
2020-05-28,11.21,11.52,11.15,11.41,960760.0
2020-05-29,11.35,11.38,11.26,11.34,457808.0
2020-06-01,11.44,11.73,11.42,11.66,882961.0
2020-06-02,11.63,11.97,11.62,11.89,883459.0
2020-06-03,11.98,12.22,11.84,11.88,956803.0
2020-06-04,11.87,11.98,11.75,11.91,583066.0
2020-06-05,11.94,11.96,11.77,11.93,383027.0
2020-06-08,12.02,12.19,11.92,11.96,585972.0
2020-06-09,11.98,12.07,11.87,12.01,474300.0
2020-06-10,12.05,12.05,11.74,11.83,580476.0
2020-06-11,11.72,11.73,11.34,11.42,1349040.0
2020-06-12,11.24,11.36,11.21,11.33,1030551.0
2020-06-15,11.19,11.31,11.14,11.16,660313.0
2020-06-16,11.24,11.33,11.2,11.23,718059.0
2020-06-17,11.23,11.26,11.1,11.19,716468.0
2020-06-18,11.1,11.14,10.93,11.1,1119648.0
2020-06-19,11.07,11.18,10.95,11.14,1539522.0
2020-06-22,11.08,11.1,10.96,10.98,1319080.0
2020-06-23,10.99,11.03,10.86,10.94,990807.0
2020-06-24,10.98,11.22,10.94,11.14,1523220.0
2020-06-29,11.26,11.31,11.05,11.14,1038480.0
2020-06-30,11.17,11.22,11.06,11.14,937940.0
2020-07-01,11.13,11.49,11.08,11.46,1697390.0
2020-07-02,11.42,11.83,11.31,11.77,2590501.0
2020-07-03,11.91,12.66,11.9,12.59,3768334.0
2020-07-06,12.94,14.02,12.93,14.02,4711461.0
2020-07-07,14.64,14.97,13.37,13.82,3964428.0
2020-07-08,13.57,14.34,13.57,14.1,2631339.0
2020-07-09,14.0,14.0,13.65,13.87,2243994.0
2020-07-10,13.69,13.82,13.1,13.2,2158773.0
2020-07-13,13.04,13.42,12.84,13.23,1937160.0
2020-07-14,13.24,13.53,12.89,13.02,1953566.0
2020-07-15,13.12,13.2,12.57,12.61,2042563.0
2020-07-16,12.64,12.89,12.46,12.49,1930891.0
2020-07-17,12.51,12.62,12.29,12.48,1291347.0
2020-07-20,12.57,13.11,12.44,13.07,1979632.0
2020-07-21,13.02,13.02,12.74,12.83,1252866.0
2020-07-22,12.83,12.99,12.61,12.75,1312952.0
2020-07-23,12.58,12.63,12.15,12.35,2027526.0
2020-07-24,12.31,12.33,11.76,11.84,1830882.0
2020-07-27,12.01,12.02,11.44,11.58,1880653.0
2020-07-28,11.68,11.77,11.52,11.68,1217006.0
2020-07-29,11.69,11.97,11.55,11.88,1519580.0
2020-07-30,11.84,11.85,11.71,11.71,964068.0
2020-07-31,11.62,11.87,11.59,11.68,1165822.0
2020-08-03,11.81,11.96,11.77,11.93,1445096.0
2020-08-04,12.0,12.49,11.82,12.38,2445663.0
2020-08-05,12.16,12.19,11.96,12.1,1440203.0
2020-08-06,12.16,12.3,11.99,12.24,1352511.0
2020-08-07,12.14,12.24,11.96,12.04,988678.0
2020-08-10,12.01,12.36,11.96,12.29,1587710.0
2020-08-11,12.31,13.0,12.31,12.47,2603308.0
2020-08-12,12.55,12.84,12.49,12.72,1596812.0
2020-08-13,12.74,12.8,12.48,12.52,837262.0
2020-08-14,12.44,12.85,12.4,12.81,1103216.0
2020-08-17,12.94,13.69,12.89,13.53,3268028.0
2020-08-18,13.54,13.64,13.25,13.49,1350261.0
2020-08-19,13.45,13.69,13.3,13.44,1420928.0
2020-08-20,13.35,13.48,12.87,12.93,1333802.0
2020-08-21,13.05,13.05,12.66,12.79,1234517.0
2020-08-24,12.84,13.05,12.75,12.8,919449.0
2020-08-25,12.9,13.03,12.8,12.94,748320.0
2020-08-26,12.94,12.95,12.62,12.71,734118.0
2020-08-27,12.74,12.8,12.45,12.8,626667.0
2020-08-28,12.6,13.52,12.6,13.47,2410400.0
2020-08-31,13.64,14.02,13.33,13.42,1797130.0
2020-09-01,13.3,13.57,13.22,13.48,813643.0
2020-09-02,13.35,13.87,13.35,13.66,1679383.0
2020-09-03,13.66,13.67,13.18,13.24,1279842.0
2020-09-04,13.07,13.4,12.94,13.3,909890.0
2020-09-07,13.22,13.58,13.17,13.28,1031377.0
2020-09-08,13.34,13.77,13.34,13.77,1407602.0
2020-09-09,13.6,13.9,13.47,13.55,1013572.0
2020-09-10,13.66,13.82,13.54,13.68,957092.0
2020-09-11,13.52,13.64,13.16,13.35,954236.0
2020-09-14,13.35,13.64,13.26,13.64,680251.0
2020-09-15,13.54,13.82,13.49,13.69,657133.0
2020-09-16,13.66,13.88,13.55,13.78,722415.0
2020-09-17,13.88,14.06,13.74,13.91,988216.0
2020-09-18,13.96,14.43,13.86,14.41,1373193.0
2020-09-21,14.34,14.39,14.05,14.2,896162.0
2020-09-22,14.01,14.18,13.73,13.91,867756.0
2020-09-23,13.93,14.17,13.85,13.97,599200.0
2020-09-24,13.93,13.95,13.46,13.46,1061011.0
2020-09-25,13.54,13.65,13.45,13.53,614087.0
2020-09-28,13.53,13.71,13.32,13.65,612711.0
2020-09-29,13.73,13.75,13.1,13.14,1182374.0
2020-09-30,13.14,13.61,13.14,13.51,1217065.0
2020-10-09,13.64,13.89,13.47,13.52,900426.0
2020-10-12,13.56,14.39,13.55,14.24,1591347.0
2020-10-13,14.24,14.45,14.11,14.4,908819.0
2020-10-14,14.38,14.46,14.14,14.37,662562.0
2020-10-15,14.54,15.26,14.49,14.9,1600062.0
2020-10-16,14.9,15.71,14.88,15.44,2095614.0
2020-10-19,15.64,16.44,15.64,15.82,2016106.0
2020-10-20,15.82,15.94,15.59,15.88,960072.0
2020-10-21,15.98,16.34,15.67,16.25,1244560.0
2020-10-22,16.28,16.84,15.64,15.9,1890519.0
2020-10-23,15.87,17.12,15.87,16.47,1698502.0
2020-10-26,16.54,16.63,15.79,16.04,1175599.0
2020-10-27,16.34,16.34,15.84,16.1,1034865.0
2020-10-28,16.1,16.24,15.63,15.97,1205824.0
2020-10-29,15.88,16.27,15.69,16.11,846604.0
2020-10-30,16.08,16.7,15.94,16.09,1007804.0
2020-11-02,15.99,16.39,15.67,15.97,968453.0
2020-11-03,16.05,16.68,16.04,16.3,957869.0
2020-11-04,16.69,16.82,16.3,16.66,1247636.0
2020-11-05,16.71,16.84,15.88,16.04,1429469.0
2020-11-06,16.05,16.09,15.56,15.98,848782.0
2020-11-09,16.01,16.34,15.88,16.18,951424.0
2020-11-10,16.34,16.84,16.27,16.45,1021063.0
2020-11-11,16.54,16.64,15.94,16.15,940130.0
2020-11-12,16.15,16.28,15.79,16.0,677258.0
2020-11-13,15.76,15.81,15.03,15.52,1289189.0
2020-11-16,15.42,15.77,15.24,15.71,759857.0
2020-11-17,15.72,16.27,15.59,16.17,852931.0
2020-11-18,16.12,16.84,16.09,16.8,1373401.0
2020-11-19,16.93,17.32,16.64,17.19,1211741.0
2020-11-20,17.17,17.33,16.86,17.2,673919.0
2020-11-23,17.19,17.96,17.14,17.96,1165858.0
2020-11-24,17.96,18.02,17.51,17.7,678543.0
2020-11-25,17.82,18.04,17.39,17.4,552585.0
2020-11-26,17.39,17.95,17.37,17.84,639658.0
2020-11-27,18.34,18.34,17.72,18.04,753774.0
2020-11-30,18.24,19.22,17.93,18.08,1581441.0
2020-12-01,18.04,18.85,17.74,18.39,1263720.0
2020-12-02,18.27,18.4,17.86,17.97,889385.0
2020-12-03,18.12,18.2,17.51,17.88,714452.0
2020-12-04,17.81,17.81,17.31,17.64,891348.0
2020-12-07,17.65,17.73,17.02,17.25,873807.0
2020-12-08,17.26,17.37,16.87,17.05,719648.0
2020-12-09,17.13,17.39,17.02,17.05,677221.0
2020-12-10,17.07,17.22,16.79,16.99,607867.0
2020-12-11,17.05,17.14,16.56,16.86,887794.0
2020-12-14,16.94,17.4,16.84,17.22,835992.0
2020-12-15,17.14,17.19,16.49,17.08,788858.0
2020-12-16,17.14,17.44,16.92,17.35,689070.0
2020-12-17,17.25,17.41,16.94,17.29,686141.0
2020-12-18,17.34,17.44,16.57,16.7,1058756.0
2020-12-21,16.64,16.98,16.37,16.62,906878.0
2020-12-22,16.7,16.99,16.22,16.24,1028738.0
2020-12-23,16.3,16.41,16.13,16.34,750083.0
2020-12-24,16.49,16.83,16.39,16.6,632950.0
2020-12-25,16.6,16.6,16.14,16.38,577077.0
2020-12-28,16.36,17.2,16.3,17.19,1270337.0
2020-12-29,17.21,17.64,17.04,17.51,963092.0
2020-12-30,17.34,17.54,17.06,17.54,978498.0
2020-12-31,17.55,17.92,17.36,17.68,924503.0
2021-01-04,17.44,17.44,16.78,16.94,1554216.0
2021-01-05,16.74,16.82,16.14,16.51,1821352.0
2021-01-06,16.42,17.9,16.34,17.9,1934945.0
2021-01-07,17.86,18.32,17.57,18.24,1584185.0
2021-01-08,18.24,18.44,17.65,18.19,1195473.0
2021-01-11,18.34,18.98,18.34,18.72,1790457.0
2021-01-12,18.73,19.34,18.52,19.34,1288166.0
2021-01-13,19.34,19.35,18.74,19.04,1049120.0
2021-01-14,19.02,19.23,18.29,18.51,1130156.0
2021-01-15,19.34,20.29,19.16,19.34,2480689.0
2021-01-18,19.54,21.12,19.54,21.04,2157302.0
2021-01-19,20.85,21.18,20.39,20.68,1242088.0
2021-01-20,20.49,21.31,20.46,20.81,1280793.0
2021-01-21,20.84,21.14,20.49,20.57,944779.0
2021-01-22,20.57,20.57,19.85,20.37,924434.0
2021-01-25,20.06,20.94,19.77,20.83,1028365.0
2021-01-26,20.64,21.66,20.64,20.71,1126721.0
2021-01-27,20.65,21.81,20.65,21.42,1294153.0
2021-01-28,21.12,21.52,20.79,21.15,857477.0
2021-01-29,21.15,21.88,21.05,21.43,1240258.0
2021-02-01,21.34,23.33,21.04,22.89,1475239.0
2021-02-02,21.72,22.44,21.25,21.62,2416169.0
2021-02-03,21.82,23.52,21.72,23.29,1923272.0
2021-02-04,22.52,23.58,22.38,22.94,1255248.0
2021-02-05,22.94,23.65,22.61,23.27,1015576.0
2021-02-08,23.24,23.24,22.44,23.14,1084265.0
2021-02-09,23.13,23.18,22.51,22.92,942094.0
2021-02-10,22.94,23.3,21.72,22.16,1918867.0
2021-02-18,22.34,22.89,21.82,22.64,1505231.0
2021-02-19,22.3,22.53,21.91,22.19,922583.0
2021-02-22,22.14,22.14,20.6,20.72,1956842.0
2021-02-23,20.72,21.02,20.16,20.27,1870460.0
2021-02-24,20.61,20.62,19.9,20.5,1428500.0
2021-02-25,20.74,20.9,20.02,20.43,1593403.0
2021-02-26,19.94,20.3,19.55,19.72,1124977.0
2021-03-01,19.88,20.02,19.52,19.79,1125387.0
2021-03-02,19.96,20.49,19.6,19.99,1473425.0
2021-03-03,19.92,21.42,19.8,21.35,1919635.0
2021-03-04,21.11,21.83,20.99,21.26,1213579.0
2021-03-05,21.04,21.32,20.2,20.68,880171.0
2021-03-08,20.78,21.03,19.82,19.94,993774.0
2021-03-09,20.02,20.26,18.92,19.19,1361895.0
2021-03-10,19.18,19.25,18.62,18.74,1149417.0
2021-03-11,18.92,19.72,18.9,19.61,1048659.0
2021-03-12,19.71,20.04,19.54,19.82,697201.0
2021-03-15,19.74,20.46,19.45,19.94,958749.0
2021-03-16,19.94,20.45,19.61,20.0,939684.0
2021-03-17,19.79,19.89,19.24,19.54,821489.0
2021-03-18,19.64,20.07,19.34,20.07,691610.0
2021-03-19,19.87,19.99,18.71,18.81,1525622.0
2021-03-22,18.89,19.89,18.87,19.89,1451190.0
2021-03-23,19.91,19.99,19.3,19.57,682903.0
2021-03-24,19.55,19.62,18.79,18.87,850085.0
2021-03-25,18.92,19.17,18.74,19.09,492666.0
2021-03-26,19.18,19.74,19.1,19.48,822108.0
2021-03-29,19.62,19.99,19.54,19.83,785667.0
2021-03-30,19.72,20.27,19.55,20.27,738655.0
2021-03-31,20.11,20.41,19.94,20.35,777028.0
2021-04-01,20.42,20.45,19.84,20.12,544449.0
2021-04-02,20.04,20.07,19.7,19.84,581084.0
2021-04-06,19.89,20.43,19.85,20.02,401103.0
2021-04-07,20.22,20.27,19.65,19.98,517605.0
2021-04-08,19.8,20.07,19.67,19.9,383030.0
2021-04-09,20.05,20.06,19.42,19.64,398960.0
2021-04-12,19.85,19.85,18.97,19.04,594743.0
2021-04-13,19.06,19.22,18.93,19.12,499904.0
2021-04-14,19.13,19.28,18.76,19.01,537438.0
2021-04-15,19.1,19.11,18.42,18.7,735865.0
2021-04-16,18.7,18.77,18.15,18.6,729998.0
2021-04-19,18.37,19.58,18.25,19.49,1112283.0
2021-04-20,19.42,20.29,19.26,20.03,834773.0
2021-04-21,20.64,21.53,20.63,21.35,1597100.0
2021-04-22,21.53,21.57,21.12,21.32,829694.0
2021-04-23,21.66,21.99,21.41,21.63,823230.0
2021-04-26,22.21,22.57,21.24,21.28,872418.0
2021-04-27,21.29,21.53,21.2,21.28,470431.0
2021-04-28,21.63,21.79,21.12,21.69,593838.0
2021-04-29,21.68,22.05,21.45,21.93,614837.0
2021-04-30,21.69,21.83,21.35,21.63,561981.0
2021-05-06,21.44,22.04,21.44,21.84,500295.0
2021-05-07,22.01,22.64,21.73,22.39,802214.0
2021-05-10,22.34,22.38,21.36,22.2,661439.0
2021-05-11,21.96,22.09,21.4,21.87,497223.0
2021-05-12,21.63,21.98,21.22,21.89,533265.0
2021-05-13,21.86,21.93,21.18,21.41,549653.0
2021-05-14,21.66,21.95,21.12,21.84,563785.0
2021-05-17,21.67,22.34,21.47,22.12,527565.0
2021-05-18,22.37,22.63,21.92,22.42,395415.0
2021-05-19,22.34,22.65,22.04,22.12,429420.0
2021-05-20,21.93,22.36,21.79,22.34,405788.0
2021-05-21,22.4,22.61,21.55,22.01,539336.0
2021-05-24,22.0,22.12,21.71,22.0,343936.0
2021-05-25,22.06,23.25,21.97,23.12,972375.0
2021-05-26,23.16,23.64,23.02,23.53,919264.0
2021-05-27,23.43,23.68,23.04,23.31,504091.0
2021-05-28,23.2,23.23,22.68,23.02,492401.0
2021-05-31,22.85,23.05,22.43,22.72,515351.0
2021-06-01,22.72,22.77,22.02,22.44,625018.0
2021-06-02,22.41,22.44,21.9,22.41,497527.0
2021-06-03,22.24,22.66,22.2,22.29,400901.0
2021-06-04,22.51,23.48,22.32,23.06,756739.0
2021-06-07,23.0,23.0,22.45,22.82,447914.0
2021-06-08,22.67,23.09,22.47,23.05,570078.0
2021-06-09,22.95,23.4,22.7,23.17,453832.0
2021-06-10,23.18,23.58,22.67,22.72,530215.0
2021-06-11,22.83,22.87,21.64,21.89,834665.0
2021-06-15,21.87,21.95,21.32,21.74,660623.0
2021-06-16,21.74,21.92,21.53,21.78,378208.0
2021-06-17,21.54,22.21,21.54,21.62,453282.0
2021-06-18,21.65,21.8,20.91,21.17,694099.0
2021-06-21,21.12,21.19,20.53,20.68,718273.0
2021-06-22,20.9,21.61,20.77,21.49,757751.0
2021-06-23,21.37,21.93,21.24,21.66,447908.0
2021-06-24,21.55,21.64,21.2,21.6,390283.0
2021-06-25,21.6,22.12,21.58,21.88,559973.0
2021-06-28,21.88,21.91,21.0,21.3,626257.0
2021-06-29,21.1,21.31,20.52,20.86,1049749.0
2021-06-30,20.88,21.45,20.87,21.14,403435.0
2021-07-01,21.33,22.02,21.04,21.72,664833.0
2021-07-02,21.24,21.26,20.28,20.33,1070678.0
2021-07-05,20.21,20.67,19.61,20.58,859341.0
2021-07-06,20.6,21.52,20.37,21.3,791957.0
2021-07-07,21.2,21.57,21.02,21.07,468945.0
2021-07-08,21.3,21.3,19.72,20.03,1457059.0
2021-07-09,19.82,20.15,19.54,19.79,762365.0
2021-07-12,20.02,20.02,19.41,19.68,877901.0
2021-07-13,19.67,19.86,19.06,19.64,657614.0
2021-07-14,19.52,19.52,18.93,19.28,847951.0
2021-07-15,19.24,20.24,19.15,20.14,956003.0
2021-07-16,19.93,20.34,19.82,19.86,573003.0
2021-07-19,19.88,19.95,19.3,19.73,522136.0
2021-07-20,19.62,19.72,18.99,19.12,804034.0
2021-07-21,19.1,19.32,18.72,18.97,753077.0
2021-07-22,18.97,19.18,18.76,18.9,868648.0
2021-07-23,18.9,18.9,18.52,18.62,727404.0
2021-07-26,18.48,18.51,16.95,17.32,1451304.0
2021-07-27,17.39,17.51,16.12,16.28,1357551.0
2021-07-28,16.37,16.59,16.2,16.27,1062994.0
2021-07-29,16.43,16.76,16.3,16.48,872378.0
2021-07-30,16.44,16.57,15.76,16.21,950156.0
2021-08-02,16.16,16.66,15.7,16.53,1159923.0
2021-08-03,16.51,16.67,16.18,16.41,896949.0
2021-08-04,16.56,16.59,16.12,16.33,729620.0
2021-08-05,16.22,16.57,16.1,16.2,621574.0
2021-08-06,16.07,16.42,15.97,16.38,567454.0
2021-08-09,16.43,17.77,16.36,17.58,1752798.0
2021-08-10,17.61,18.5,17.42,18.25,1301988.0
2021-08-11,18.51,19.1,18.22,18.33,1048308.0
2021-08-12,18.31,18.82,18.15,18.41,666458.0
2021-08-13,18.3,18.44,18.02,18.41,562885.0
2021-08-16,18.61,18.72,18.09,18.47,627050.0
2021-08-17,18.37,18.74,18.13,18.19,476022.0
2021-08-18,18.19,19.72,18.07,19.14,1332732.0
2021-08-19,19.0,19.14,18.54,18.86,649976.0
2021-08-20,18.49,18.59,17.22,17.94,1614628.0
2021-08-23,18.02,18.57,17.63,17.82,1191849.0
2021-08-24,17.87,18.49,17.73,17.88,868953.0
2021-08-25,17.94,17.99,17.47,17.68,698084.0
2021-08-26,17.72,17.78,16.93,16.98,951619.0
2021-08-27,17.08,17.4,16.83,16.91,728820.0
2021-08-30,16.73,16.81,16.07,16.24,1252211.0
2021-08-31,16.24,16.45,15.83,16.32,1174868.0
2021-09-01,16.0,16.44,15.53,16.4,2316894.0
2021-09-02,16.52,17.3,16.32,16.92,2422604.0
2021-09-03,17.02,17.02,16.22,16.56,1394819.0
2021-09-06,16.45,17.12,16.3,16.97,1515226.0
2021-09-07,17.12,18.08,16.87,17.76,1622344.0
2021-09-08,17.76,18.07,17.62,17.75,1026201.0
2021-09-09,17.63,17.67,17.32,17.52,739506.0
2021-09-10,17.41,19.29,17.36,19.09,2314945.0
2021-09-13,18.88,19.03,18.33,18.73,1297228.0
2021-09-14,18.7,18.79,17.79,17.89,1158173.0
2021-09-15,17.83,19.51,17.71,18.04,841618.0
2021-09-16,17.82,18.02,17.25,17.6,1176954.0
2021-09-17,17.42,17.52,16.93,17.05,1124880.0
2021-09-22,16.39,16.57,15.94,16.5,1473365.0
2021-09-23,16.62,16.84,16.17,16.2,1379838.0
2021-09-24,16.12,16.2,15.86,15.87,1265696.0
2021-09-27,15.73,16.2,15.58,16.09,1140668.0
2021-09-28,15.99,16.69,15.97,16.49,1293167.0
2021-09-29,16.38,16.96,16.23,16.67,1230122.0
2021-09-30,16.61,16.72,16.23,16.45,795611.0
2021-10-08,16.69,17.41,16.54,17.16,1159201.0
2021-10-11,17.52,18.26,17.52,17.92,1455338.0
2021-10-12,17.82,18.23,17.72,17.87,1031232.0
2021-10-13,17.82,18.43,17.69,18.1,807897.0
2021-10-14,18.11,18.44,17.41,17.73,842990.0
2021-10-15,17.52,18.42,17.52,18.18,993494.0
2021-10-18,17.97,18.07,17.62,17.81,729623.0
2021-10-19,17.67,18.2,17.67,18.09,682415.0
2021-10-20,18.27,18.3,17.71,17.76,662956.0
2021-10-21,18.04,18.58,17.77,18.52,1621661.0
2021-10-22,18.68,19.11,18.32,18.56,1134964.0
2021-10-25,18.23,18.72,18.02,18.64,730828.0
2021-10-26,18.58,18.97,18.38,18.57,652807.0
2021-10-27,18.52,18.69,18.11,18.44,687600.0
2021-10-28,18.32,18.46,17.89,18.24,619011.0
2021-10-29,18.15,18.26,17.84,18.02,539930.0
2021-11-01,17.85,18.25,17.53,17.91,841490.0
2021-11-02,17.89,18.01,16.51,16.7,1997691.0
2021-11-03,16.62,16.76,16.37,16.55,1114972.0
2021-11-04,16.6,16.62,16.32,16.39,983411.0
2021-11-05,16.37,16.52,16.09,16.16,1096040.0
2021-11-08,16.14,16.33,15.88,15.94,1376815.0
2021-11-09,16.0,16.17,15.78,16.05,1240573.0
2021-11-10,15.98,15.99,15.68,15.92,1220851.0
2021-11-11,15.87,16.95,15.84,16.87,2084729.0
2021-11-12,16.83,17.15,16.63,16.79,957546.0
2021-11-15,16.87,17.15,16.72,16.95,655090.0
2021-11-16,16.88,17.06,16.69,16.74,601110.0
2021-11-17,16.67,16.82,16.5,16.63,664640.0
2021-11-18,16.61,16.64,16.25,16.32,799844.0
2021-11-19,16.32,16.76,16.22,16.67,786372.0
2021-11-22,16.55,16.77,16.42,16.64,738618.0
2021-11-23,16.63,16.87,16.2,16.4,1235978.0
2021-11-24,16.29,16.47,16.18,16.39,741311.0
2021-11-25,16.26,16.31,16.15,16.2,603533.0
2021-11-26,16.14,16.19,16.04,16.1,694500.0
2021-11-29,15.93,16.09,15.88,16.03,512595.0
2021-11-30,16.06,16.2,15.87,15.96,733616.0
2021-12-01,15.95,16.29,15.89,16.16,706925.0
2021-12-02,16.14,16.33,15.89,16.11,994798.0
2021-12-03,16.16,16.22,15.93,16.17,707600.0
2021-12-06,16.37,17.08,16.32,16.62,2145625.0
2021-12-07,16.82,17.19,16.67,16.98,1616444.0
2021-12-08,16.97,17.07,16.68,16.99,980281.0
2021-12-09,17.01,17.58,16.89,17.22,1455887.0
2021-12-10,17.03,17.22,16.79,16.9,989255.0
2021-12-13,16.99,17.4,16.7,16.79,1314490.0
2021-12-14,16.68,16.69,16.04,16.1,1937209.0
2021-12-15,16.03,16.18,15.92,16.07,1294627.0
2021-12-16,16.07,16.25,15.98,16.24,819480.0
2021-12-17,16.22,16.27,16.09,16.09,602370.0
2021-12-20,16.08,16.17,15.97,16.04,746435.0
2021-12-21,16.01,16.23,16.0,16.11,893734.0
2021-12-22,16.14,16.16,15.82,15.91,976928.0
2021-12-23,15.92,15.95,15.73,15.84,1059576.0
2021-12-24,15.85,15.87,15.73,15.83,488251.0
2021-12-27,15.85,15.87,15.68,15.74,731119.0
2021-12-28,15.74,15.85,15.61,15.69,1126639.0
2021-12-29,15.68,15.68,15.22,15.27,1469374.0
2021-12-30,15.28,15.47,15.24,15.34,796664.0
2021-12-31,15.38,15.42,14.92,15.0,1750761.0
2022-01-04,15.0,15.18,14.7,15.18,1169259.0
2022-01-05,15.1,15.74,15.07,15.67,1961998.0
2022-01-06,15.63,15.79,15.52,15.64,1107885.0
2022-01-07,15.62,15.8,15.58,15.72,1126631.0
2022-01-10,15.81,15.94,15.55,15.71,909774.0
2022-01-11,15.78,16.06,15.66,15.93,1581999.0
2022-01-12,15.93,15.97,15.42,15.52,1502164.0
2022-01-13,15.43,15.76,15.34,15.5,909423.0
2022-01-14,15.52,15.54,14.82,14.85,2103095.0
2022-01-17,14.87,15.0,14.64,14.74,1143689.0
2022-01-18,14.77,15.06,14.68,15.04,1152974.0
2022-01-19,15.06,15.21,14.88,15.02,988392.0
2022-01-20,14.99,15.98,14.94,15.85,3031194.0
2022-01-21,15.97,16.08,15.73,15.87,1481683.0
2022-01-24,15.86,15.9,15.5,15.72,874771.0
2022-01-25,15.6,15.6,15.33,15.37,1093284.0
2022-01-26,15.47,15.62,15.06,15.17,984975.0
2022-01-27,15.02,15.06,14.77,14.82,1024643.0
2022-01-28,14.91,14.97,14.34,14.35,1675564.0
2022-02-07,14.54,14.93,14.41,14.91,1515476.0
2022-02-08,14.82,15.49,14.78,15.35,1754695.0
2022-02-09,15.44,15.52,15.23,15.38,1051162.0
2022-02-10,15.29,15.55,15.19,15.51,784557.0
2022-02-11,15.55,15.86,15.55,15.62,1078139.0
2022-02-14,15.62,15.67,15.03,15.1,1150659.0
2022-02-15,15.02,15.19,14.62,14.8,1208264.0
2022-02-16,14.87,15.05,14.73,14.93,782400.0
2022-02-17,14.91,15.07,14.84,14.94,794502.0
2022-02-18,14.84,15.29,14.83,15.29,802499.0
2022-02-21,15.18,15.19,14.84,15.03,800995.0
2022-02-22,14.83,14.96,14.68,14.75,894957.0
2022-02-23,14.82,14.83,14.56,14.71,886742.0
2022-02-24,14.65,14.67,14.32,14.43,1324087.0
2022-02-25,14.51,14.6,14.39,14.42,726397.0
2022-02-28,14.42,14.44,14.14,14.27,723990.0
2022-03-01,14.31,14.47,14.14,14.44,935040.0
2022-03-02,14.31,14.39,14.18,14.2,760761.0
2022-03-03,14.25,14.33,14.15,14.23,578285.0
2022-03-04,14.14,14.15,13.8,13.85,990936.0
2022-03-07,13.69,13.69,13.18,13.24,1113159.0
2022-03-08,13.14,13.38,12.77,12.83,1003033.0
2022-03-09,12.92,12.97,11.74,12.36,1800760.0
2022-03-10,12.7,13.27,12.61,13.09,2249158.0
2022-03-11,12.92,13.5,12.67,13.42,1493647.0
2022-03-14,13.15,13.45,12.97,13.01,1118407.0
2022-03-15,12.92,12.92,12.12,12.2,1781409.0
2022-03-16,12.38,12.92,12.03,12.83,1531779.0
2022-03-17,13.18,13.23,12.76,12.97,1730061.0
2022-03-18,12.88,13.37,12.66,13.22,1528807.0
2022-03-21,13.02,13.34,12.91,13.11,1208868.0
2022-03-22,13.11,13.74,13.02,13.7,1628657.0
2022-03-23,13.63,13.71,13.42,13.52,1050102.0
2022-03-24,13.44,13.83,13.33,13.72,1002360.0
2022-03-25,13.67,13.77,13.34,13.5,742933.0
2022-03-28,13.32,13.57,13.15,13.37,727137.0
2022-03-29,13.4,13.47,13.12,13.2,615643.0
2022-03-30,13.38,13.79,13.28,13.73,1236792.0
2022-03-31,13.62,14.09,13.58,13.9,1163747.0
2022-04-01,13.89,14.31,13.72,14.27,1484879.0
2022-04-06,14.16,15.06,14.15,14.91,2488540.0
2022-04-07,14.9,15.18,14.72,14.8,1659065.0
2022-04-08,14.78,14.97,14.65,14.92,1066779.0
2022-04-11,14.87,14.92,14.32,14.57,1416735.0
2022-04-12,14.57,14.78,14.18,14.44,1039261.0
2022-04-13,14.41,14.6,14.24,14.32,890628.0
2022-04-14,14.52,14.77,14.44,14.56,929615.0
2022-04-15,14.42,15.05,14.38,14.94,1231761.0
2022-04-18,14.67,14.72,14.33,14.42,1086888.0
2022-04-19,14.42,14.49,14.14,14.33,821772.0
2022-04-20,14.33,14.57,14.22,14.37,716555.0
2022-04-21,14.29,14.5,14.22,14.33,709891.0
2022-04-22,14.16,14.71,13.92,14.58,921274.0
2022-04-25,14.19,14.43,13.3,13.37,1664481.0
2022-04-26,13.4,13.5,12.97,13.25,988210.0
2022-04-27,13.5,14.17,13.48,14.17,1490295.0
2022-04-28,14.09,14.45,13.89,14.17,911772.0
2022-04-29,14.21,14.26,13.49,13.84,1645013.0
2022-05-05,13.72,13.97,13.67,13.84,790196.0
2022-05-06,13.54,13.72,13.43,13.48,832432.0
2022-05-09,13.46,13.46,12.98,13.07,818621.0
2022-05-10,13.02,13.12,12.63,13.11,992285.0
2022-05-11,13.06,13.36,12.96,13.15,848574.0
2022-05-12,13.0,13.08,12.85,12.9,685064.0
2022-05-13,13.02,13.18,13.01,13.13,676312.0
2022-05-16,13.18,13.25,12.87,12.93,668228.0
2022-05-17,13.03,13.24,12.84,13.23,931406.0
2022-05-18,13.37,13.41,13.19,13.27,778578.0
2022-05-19,13.07,13.22,13.02,13.14,590922.0
2022-05-20,13.22,13.56,13.19,13.54,948598.0
2022-05-23,13.59,13.59,13.28,13.35,647726.0
2022-05-24,13.39,13.39,12.92,12.92,933557.0
2022-05-25,12.95,13.01,12.82,12.91,603228.0
2022-05-26,12.93,12.95,12.59,12.71,1011318.0
2022-05-27,12.81,12.87,12.63,12.7,723067.0
2022-05-30,12.78,12.8,12.56,12.6,896901.0
2022-05-31,12.59,12.7,12.52,12.68,938869.0
2022-06-01,12.66,12.66,12.52,12.6,845299.0
2022-06-02,12.54,12.55,12.4,12.47,979268.0
2022-06-06,12.43,12.69,12.16,12.69,1710852.0
2022-06-07,12.54,12.77,12.51,12.68,1315113.0
2022-06-08,12.68,12.69,12.53,12.68,1145521.0
2022-06-09,12.66,12.98,12.62,12.87,1632901.0
2022-06-10,12.78,12.85,12.65,12.84,1346012.0
2022-06-13,12.7,12.71,12.4,12.43,1547753.0
2022-06-14,12.23,12.65,12.23,12.64,1151429.0
2022-06-15,12.62,13.63,12.58,13.26,3413544.0
2022-06-16,13.26,13.35,12.94,12.96,1332546.0
2022-06-17,12.84,13.05,12.72,12.97,1053788.0
2022-06-20,12.96,12.96,12.78,12.86,1032167.0
2022-06-21,12.86,13.15,12.75,12.89,1321794.0
2022-06-22,12.88,12.88,12.6,12.6,1056046.0
2022-06-23,12.61,12.75,12.58,12.72,806028.0
2022-06-24,12.72,12.77,12.63,12.75,866041.0
2022-06-27,12.76,13.08,12.74,13.01,1497278.0
2022-06-28,12.99,13.19,12.93,13.15,1125110.0
2022-06-29,13.17,13.42,13.07,13.16,1266547.0
2022-06-30,13.15,13.54,13.07,13.5,1548745.0
2022-07-01,13.52,13.59,13.36,13.44,779243.0
2022-07-04,13.47,13.5,13.27,13.46,834968.0
2022-07-05,13.51,13.79,13.34,13.43,1115172.0
2022-07-06,13.35,13.45,12.98,13.05,1043335.0
2022-07-07,13.06,13.17,12.9,12.94,730161.0
2022-07-08,13.02,13.17,12.89,13.06,639698.0
2022-07-11,13.02,13.09,12.88,12.98,611692.0
2022-07-12,12.93,13.25,12.9,12.94,742882.0
2022-07-13,12.94,12.99,12.41,12.49,2175996.0
2022-07-14,12.22,12.23,11.81,11.89,2632121.0
2022-07-15,12.0,12.08,11.74,11.76,1598637.0
2022-07-18,11.77,11.96,11.73,11.91,1153506.0
2022-07-19,11.86,11.95,11.8,11.94,755597.0
2022-07-20,11.95,11.99,11.87,11.91,801459.0
2022-07-21,11.84,11.86,11.51,11.53,1970388.0
2022-07-22,11.59,11.68,11.37,11.56,1376510.0
2022-07-25,11.55,11.6,11.42,11.57,763956.0
2022-07-26,11.5,11.66,11.46,11.66,1024049.0
2022-07-27,11.6,11.63,11.48,11.54,923914.0
2022-07-28,11.56,11.66,11.53,11.63,750347.0
2022-07-29,11.63,11.65,11.4,11.43,831497.0
2022-08-01,11.41,11.41,11.15,11.17,1025733.0
2022-08-02,10.97,11.09,10.69,11.01,1373009.0
2022-08-03,10.94,11.02,10.76,10.78,746137.0
2022-08-04,10.85,10.92,10.77,10.91,602676.0
2022-08-05,10.88,11.08,10.73,11.06,765298.0
2022-08-08,11.0,11.11,10.91,10.95,552000.0
2022-08-09,10.96,10.97,10.83,10.87,558448.0
2022-08-10,10.87,10.99,10.77,10.81,683023.0
2022-08-11,10.83,11.14,10.79,11.1,1399304.0
2022-08-12,11.01,11.16,10.95,11.13,820504.0
2022-08-15,11.04,11.11,10.84,10.86,1172010.0
2022-08-16,10.86,10.95,10.85,10.88,631224.0
2022-08-17,10.9,11.17,10.82,11.15,1348507.0
2022-08-18,11.23,11.29,10.91,11.0,1269701.0
2022-08-19,11.02,11.5,10.98,11.32,2106417.0
2022-08-22,11.33,11.43,11.16,11.25,1138077.0
2022-08-23,11.2,11.24,11.03,11.09,921463.0
2022-08-24,11.08,11.29,11.08,11.15,1295375.0
2022-08-25,11.15,11.41,11.05,11.37,1064011.0
2022-08-26,11.43,11.5,11.21,11.36,927634.0
2022-08-29,11.25,11.31,11.06,11.17,924491.0
2022-08-30,11.18,11.29,11.03,11.23,799712.0
2022-08-31,11.13,11.53,11.11,11.5,1653042.0
2022-09-01,11.4,11.54,11.33,11.36,861982.0
2022-09-02,11.37,11.44,11.18,11.26,786363.0
2022-09-05,11.21,11.35,11.12,11.32,632040.0
2022-09-06,11.33,11.41,11.18,11.25,731295.0
2022-09-07,11.17,11.17,11.03,11.08,979813.0
2022-09-08,11.07,11.19,11.05,11.11,621117.0
2022-09-09,11.15,11.49,11.11,11.47,1951297.0
2022-09-13,11.63,11.77,11.41,11.7,1722690.0
2022-09-14,11.5,11.62,11.45,11.48,858036.0
2022-09-15,11.55,11.85,11.52,11.75,1841018.0
2022-09-16,11.67,11.7,11.31,11.31,1357448.0
2022-09-19,11.29,11.42,11.23,11.32,632121.0
2022-09-20,11.36,11.38,11.07,11.09,889989.0
2022-09-21,11.06,11.23,10.95,11.18,684197.0
2022-09-22,11.08,11.11,11.0,11.04,586133.0
2022-09-23,10.99,11.18,10.98,11.04,586441.0
2022-09-26,10.91,11.03,10.74,10.75,903729.0
2022-09-27,10.75,10.91,10.56,10.9,789622.0
2022-09-28,10.84,11.0,10.67,10.86,780926.0
2022-09-29,11.0,11.03,10.57,10.61,917718.0
2022-09-30,10.62,10.71,10.58,10.59,537230.0
2022-10-10,10.45,10.52,10.21,10.22,966080.0
2022-10-11,10.29,10.33,10.16,10.23,415253.0
2022-10-12,10.2,10.37,10.1,10.35,559572.0
2022-10-13,10.26,10.29,10.06,10.09,852616.0
2022-10-14,10.2,10.38,10.15,10.28,1096062.0
2022-10-17,10.17,10.27,10.09,10.23,1024823.0
2022-10-18,10.3,10.39,10.21,10.23,946837.0
2022-10-19,10.17,10.24,10.03,10.04,923990.0
2022-10-20,9.98,10.06,9.91,9.95,781923.0
2022-10-21,9.96,10.0,9.82,9.84,785574.0
2022-10-24,9.84,9.85,9.36,9.37,1383391.0
2022-10-25,9.45,9.56,9.35,9.4,1316979.0
2022-10-26,9.39,9.48,9.36,9.41,1143830.0
2022-10-27,9.45,9.52,9.41,9.43,957383.0
2022-10-28,9.38,9.45,9.16,9.17,1057947.0
2022-10-31,9.08,9.2,8.97,9.09,983096.0
2022-11-01,9.13,9.43,9.11,9.42,1381234.0
2022-11-02,9.36,9.43,9.23,9.38,1302988.0
2022-11-03,9.29,9.32,9.13,9.19,983536.0
2022-11-04,9.15,9.6,9.14,9.57,1776112.0
2022-11-07,9.56,9.66,9.48,9.63,988082.0
2022-11-08,9.64,9.67,9.53,9.6,583222.0
2022-11-09,9.59,9.83,9.57,9.64,832107.0
2022-11-10,9.54,9.65,9.44,9.62,552021.0
2022-11-11,9.88,10.41,9.76,10.18,2545071.0
2022-11-14,10.45,11.03,10.45,10.7,3872084.0
2022-11-15,10.61,10.93,10.58,10.76,1573901.0
2022-11-16,10.72,10.8,10.54,10.57,1278693.0
2022-11-17,10.56,10.59,10.33,10.44,1091047.0
2022-11-18,10.49,10.53,10.32,10.34,868093.0
2022-11-21,10.23,10.25,9.97,10.21,1047737.0
2022-11-22,10.21,10.68,10.19,10.57,1491324.0
2022-11-23,10.53,10.8,10.47,10.57,1247657.0
2022-11-24,10.67,10.74,10.44,10.52,796719.0
2022-11-25,10.54,10.98,10.52,10.92,1760728.0
2022-11-28,10.65,10.67,10.44,10.56,1331563.0
2022-11-29,10.91,11.74,10.88,11.74,4749277.0
2022-11-30,11.65,12.09,11.57,11.78,3209628.0
2022-12-01,12.13,12.41,11.82,11.85,2002689.0
2022-12-02,11.89,11.9,11.44,11.65,1404203.0
2022-12-05,11.84,12.32,11.76,12.28,2287627.0
2022-12-06,12.09,12.41,12.0,12.18,1252579.0
2022-12-07,12.08,12.12,11.78,11.9,1377377.0
2022-12-08,11.9,12.27,11.87,12.11,1065723.0
2022-12-09,12.15,12.5,12.1,12.45,1615832.0
2022-12-12,12.33,12.33,11.81,11.86,1392584.0
2022-12-13,11.9,12.11,11.89,11.99,902285.0
2022-12-14,11.98,12.15,11.83,11.98,974061.0
2022-12-15,11.89,12.03,11.69,11.85,835349.0
2022-12-16,11.77,12.15,11.77,12.09,924252.0
2022-12-19,12.08,12.22,11.7,11.79,1030866.0
2022-12-20,11.72,11.83,11.42,11.51,896212.0
2022-12-21,11.6,11.74,11.49,11.64,614590.0
2022-12-22,11.75,11.9,11.65,11.7,672394.0
2022-12-23,11.6,11.81,11.55,11.73,564426.0
2022-12-26,11.74,11.79,11.46,11.52,797120.0
2022-12-27,11.62,11.97,11.62,11.86,886004.0
2022-12-28,11.91,12.13,11.75,11.89,791192.0
2022-12-29,11.82,11.88,11.6,11.78,666890.0
2022-12-30,11.79,12.03,11.71,11.91,818036.0
2023-01-03,11.95,12.6,11.8,12.52,2194128.0
2023-01-04,12.46,13.17,12.38,13.07,2189683.0
2023-01-05,13.15,13.49,13.12,13.23,1665425.0
2023-01-06,13.25,13.47,13.23,13.37,1195745.0
2023-01-09,13.5,13.63,13.27,13.55,1057659.0
2023-01-10,13.51,13.64,13.14,13.19,1269423.0
2023-01-11,13.2,13.53,13.14,13.42,830566.0
2023-01-12,13.52,13.52,13.28,13.42,625695.0
2023-01-13,13.42,13.7,13.3,13.7,949086.0
2023-01-16,13.7,14.03,13.6,13.83,1560040.0
2023-01-17,13.88,13.93,13.52,13.72,935835.0
2023-01-18,13.7,13.93,13.66,13.86,718434.0
2023-01-19,13.88,14.0,13.62,13.84,641875.0
2023-01-20,13.91,13.99,13.75,13.88,608590.0
2023-01-30,14.35,14.49,13.64,13.9,1374318.0
2023-01-31,13.99,14.26,13.71,13.74,1030498.0
2023-02-01,13.78,13.83,13.26,13.45,1653421.0
2023-02-02,13.49,13.53,13.02,13.35,1577900.0
2023-02-03,13.2,13.3,12.91,13.07,1246383.0
2023-02-06,12.85,12.88,12.61,12.75,1317610.0
2023-02-07,12.81,13.07,12.78,12.96,869460.0
2023-02-08,12.99,13.07,12.78,12.79,657893.0
2023-02-09,12.76,13.05,12.71,12.88,830350.0
2023-02-10,12.85,12.87,12.61,12.73,847284.0
2023-02-13,12.69,12.69,12.35,12.57,1800054.0
2023-02-14,12.6,12.73,12.55,12.71,909937.0
2023-02-15,12.7,12.71,12.37,12.42,1250244.0
2023-02-16,12.43,12.66,12.25,12.35,1279123.0
2023-02-17,12.38,12.47,12.18,12.18,918364.0
2023-02-20,12.25,12.9,12.24,12.9,2116191.0
2023-02-21,12.81,12.95,12.67,12.85,990495.0
2023-02-22,12.75,12.87,12.69,12.77,638922.0
2023-02-23,12.75,13.07,12.73,12.8,824491.0
2023-02-24,12.77,12.78,12.55,12.61,729989.0
2023-02-27,12.5,12.63,12.43,12.44,621462.0
2023-02-28,12.5,12.6,12.36,12.53,607936.0
2023-03-01,12.55,12.94,12.49,12.92,1223452.0
2023-03-02,12.88,13.19,12.81,12.99,1015877.0
2023-03-03,13.1,13.12,12.89,13.04,690954.0
2023-03-06,13.05,13.05,12.47,12.6,1455824.0
2023-03-07,12.6,12.85,12.4,12.44,1279266.0
2023-03-08,12.38,12.39,12.15,12.28,1096898.0
2023-03-09,12.29,12.33,11.88,11.95,1736065.0
2023-03-10,11.75,12.02,11.75,11.89,856996.0
2023-03-13,11.87,12.04,11.75,11.8,1000635.0
2023-03-14,11.74,11.75,11.48,11.62,1149076.0
2023-03-15,11.8,11.93,11.69,11.8,979364.0
2023-03-16,11.64,11.78,11.55,11.57,916792.0
2023-03-17,11.74,11.79,11.4,11.5,1556814.0
2023-03-20,11.51,11.6,11.3,11.32,1188816.0
2023-03-21,11.4,11.53,11.25,11.45,840743.0
2023-03-22,11.5,11.63,11.46,11.54,876691.0
2023-03-23,11.45,11.65,11.38,11.65,804306.0
2023-03-24,11.6,11.61,11.51,11.57,621519.0
2023-03-27,11.55,11.56,11.21,11.35,1008422.0
2023-03-28,11.41,11.48,11.3,11.39,673868.0
2023-03-29,11.48,11.49,11.25,11.28,596064.0
2023-03-30,11.3,11.46,11.16,11.43,824546.0
2023-03-31,11.44,11.52,11.26,11.28,865492.0
2023-04-03,11.3,11.44,11.21,11.42,740429.0
2023-04-04,11.39,11.47,11.34,11.4,647457.0
2023-04-06,11.35,11.36,11.25,11.33,563321.0
2023-04-07,11.32,11.44,11.25,11.37,607925.0
2023-04-10,11.39,11.45,11.33,11.43,640182.0
2023-04-11,11.45,11.47,11.27,11.29,777780.0
2023-04-12,11.33,11.34,11.2,11.23,909957.0
2023-04-13,11.16,11.42,11.05,11.31,1131591.0
2023-04-14,11.35,11.65,11.33,11.44,1297995.0
2023-04-17,11.41,11.69,11.35,11.68,1304213.0
2023-04-18,11.68,11.95,11.64,11.75,1538936.0
2023-04-19,11.77,11.82,11.58,11.6,1014378.0
2023-04-20,11.65,11.65,11.37,11.5,811788.0
2023-04-21,11.45,11.58,11.23,11.25,918668.0
2023-04-24,11.23,11.25,10.78,10.85,1467672.0
2023-04-25,10.89,11.12,10.87,11.03,1301901.0
2023-04-26,11.0,11.0,10.74,10.87,991260.0
2023-04-27,10.81,11.1,10.75,11.01,1004093.0
2023-04-28,11.01,11.53,10.97,11.3,1445254.0
2023-05-04,11.15,11.58,10.94,11.48,1478264.0
2023-05-05,11.53,11.86,11.5,11.66,1762189.0
2023-05-08,11.69,12.24,11.59,12.07,2630719.0
2023-05-09,12.15,12.35,11.88,11.91,2422534.0
2023-05-10,11.92,12.01,11.55,11.59,1237053.0
2023-05-11,11.7,11.87,11.55,11.6,903758.0
2023-05-12,11.57,11.62,11.36,11.37,885604.0
2023-05-15,11.43,11.6,11.2,11.58,928326.0
2023-05-16,11.55,11.67,11.32,11.37,998302.0
2023-05-17,11.33,11.39,11.19,11.24,754621.0
2023-05-18,11.32,11.39,11.18,11.24,687187.0
2023-05-19,11.18,11.19,11.07,11.09,688414.0
2023-05-22,11.06,11.2,11.06,11.13,549328.0
2023-05-23,11.13,11.16,10.96,10.96,694364.0
2023-05-24,10.95,10.96,10.76,10.76,824251.0
2023-05-25,10.74,10.75,10.56,10.68,882744.0
2023-05-26,10.68,10.88,10.59,10.85,511429.0
2023-05-29,10.86,10.88,10.7,10.73,566074.0
2023-05-30,10.73,10.74,10.55,10.62,763997.0
2023-05-31,10.57,10.59,10.33,10.35,1179587.0
2023-06-01,10.35,10.43,10.25,10.34,743023.0
2023-06-02,10.43,10.72,10.39,10.68,1221843.0
2023-06-05,10.63,10.75,10.57,10.66,521846.0
2023-06-06,10.66,10.84,10.57,10.59,833273.0
2023-06-07,10.64,10.82,10.63,10.69,643698.0
2023-06-08,10.71,10.95,10.61,10.87,869397.0
2023-06-09,10.81,10.84,10.6,10.63,1315285.0
2023-06-12,10.57,10.65,10.51,10.54,758747.0
2023-06-13,10.51,10.59,10.44,10.52,849988.0
2023-06-14,10.59,10.77,10.5,10.51,1069200.0
2023-06-15,10.53,10.67,10.43,10.65,925301.0
2023-06-16,10.65,10.71,10.61,10.67,842034.0
2023-06-19,10.67,10.67,10.45,10.49,953997.0
2023-06-20,10.48,10.5,10.39,10.4,544551.0
2023-06-21,10.4,10.52,10.38,10.39,616583.0
2023-06-26,10.34,10.34,10.19,10.22,676577.0
2023-06-27,10.24,10.36,10.21,10.32,461702.0
2023-06-28,10.32,10.37,10.26,10.34,365396.0
2023-06-29,10.33,10.33,10.21,10.22,485906.0
2023-06-30,10.22,10.35,10.19,10.27,519053.0
2023-07-03,10.28,10.57,10.27,10.53,885091.0
2023-07-04,10.5,10.53,10.36,10.44,616301.0
2023-07-05,10.4,10.44,10.34,10.38,423482.0
2023-07-06,10.34,10.38,10.25,10.28,597096.0
2023-07-07,10.24,10.31,10.22,10.24,484441.0
2023-07-10,10.29,10.32,10.21,10.24,495882.0
2023-07-11,10.26,10.3,10.23,10.25,570809.0
2023-07-12,10.27,10.4,10.26,10.28,736084.0
2023-07-13,10.36,10.51,10.31,10.47,1124230.0
2023-07-14,10.47,10.59,10.44,10.5,719147.0
2023-07-17,10.45,10.45,10.3,10.35,608343.0
2023-07-18,10.33,10.36,10.26,10.29,471966.0
2023-07-19,10.27,10.36,10.27,10.35,382196.0
2023-07-20,10.37,10.48,10.33,10.36,554070.0
2023-07-21,10.35,10.43,10.32,10.38,377103.0
2023-07-24,10.37,10.37,10.28,10.3,426852.0
2023-07-25,10.49,10.77,10.48,10.76,2032958.0
2023-07-26,10.69,10.78,10.6,10.71,751663.0
2023-07-27,10.72,10.91,10.69,10.79,1115196.0
2023-07-28,10.73,11.34,10.71,11.3,2347013.0
2023-07-31,11.34,11.54,11.27,11.36,1854952.0
2023-08-01,11.3,11.41,11.17,11.2,957735.0
2023-08-02,11.1,11.28,10.97,11.07,1115900.0
2023-08-03,11.03,11.41,10.99,11.37,1175848.0
2023-08-04,11.46,11.57,11.25,11.34,1303131.0
2023-08-07,11.25,11.29,11.16,11.2,646913.0
2023-08-08,11.16,11.25,11.04,11.14,725705.0
2023-08-09,11.1,11.24,11.09,11.21,577608.0
2023-08-10,11.19,11.25,11.1,11.2,475595.0
2023-08-11,11.21,11.31,10.93,10.93,943539.0
2023-08-14,10.8,10.82,10.63,10.71,975920.0
2023-08-15,10.73,10.84,10.64,10.77,712813.0
2023-08-16,10.71,10.89,10.65,10.77,572904.0
2023-08-17,10.71,10.74,10.5,10.61,965058.0
2023-08-18,10.62,10.78,10.57,10.6,659819.0
2023-08-21,10.6,10.62,10.36,10.36,701498.0
2023-08-22,10.42,10.49,10.35,10.41,606808.0
2023-08-23,10.39,10.46,10.28,10.29,691810.0
2023-08-24,10.33,10.36,10.09,10.17,1291271.0
2023-08-25,10.14,10.37,10.12,10.27,845350.0
2023-08-28,10.88,10.97,10.53,10.56,1997610.0
2023-08-29,10.51,10.53,10.17,10.35,1964961.0
2023-08-30,10.31,10.31,10.17,10.17,1375638.0
2023-08-31,10.18,10.26,10.16,10.17,806474.0
2023-09-01,10.23,10.4,10.23,10.36,1138705.0
2023-09-04,10.39,10.63,10.37,10.6,1410029.0
2023-09-05,10.54,10.55,10.4,10.43,804177.0
2023-09-06,10.37,10.5,10.34,10.47,634841.0
2023-09-07,10.44,10.48,10.36,10.37,540042.0
2023-09-08,10.32,10.36,10.27,10.31,479030.0
2023-09-11,10.34,10.44,10.31,10.38,654486.0
2023-09-12,10.39,10.39,10.29,10.32,495485.0
2023-09-13,10.33,10.36,10.25,10.29,490218.0
2023-09-14,10.32,10.37,10.29,10.33,551650.0
2023-09-15,10.39,10.44,10.24,10.26,890476.0
2023-09-18,10.26,10.28,10.18,10.27,501325.0
2023-09-19,10.26,10.27,10.2,10.25,503664.0
2023-09-20,10.24,10.26,10.19,10.19,558872.0
2023-09-21,10.18,10.18,10.08,10.09,843930.0
2023-09-22,10.07,10.29,10.07,10.28,911484.0
2023-09-25,10.28,10.36,10.23,10.26,761211.0
2023-09-26,10.26,10.3,10.18,10.2,444980.0
2023-09-27,10.19,10.26,10.19,10.21,490311.0
2023-09-28,10.23,10.28,10.22,10.24,520697.0
2023-10-09,10.2,10.21,10.1,10.15,695828.0
2023-10-10,10.23,10.24,10.06,10.06,820749.0
2023-10-11,10.13,10.13,10.0,10.02,724116.0
2023-10-12,10.15,10.2,10.08,10.15,853058.0
2023-10-13,10.07,10.11,9.99,10.04,684483.0
2023-10-16,10.04,10.07,9.99,10.05,501624.0
2023-10-17,10.05,10.09,10.0,10.06,493525.0
2023-10-18,10.03,10.06,9.95,9.99,651825.0
2023-10-19,9.95,9.96,9.63,9.64,1188961.0
2023-10-20,9.59,9.71,9.55,9.64,526139.0
2023-10-23,9.63,9.64,9.47,9.54,530404.0
2023-10-24,9.58,9.65,9.48,9.59,760653.0
2023-10-25,9.55,9.58,9.4,9.42,1411450.0
2023-10-26,9.35,9.46,9.34,9.45,599991.0
2023-10-27,9.42,9.52,9.37,9.49,919771.0
2023-10-30,9.44,9.51,9.39,9.49,805690.0
2023-10-31,9.47,9.53,9.45,9.5,652855.0
2023-11-01,9.59,9.6,9.49,9.52,567300.0
2023-11-02,9.54,9.64,9.51,9.52,619430.0
2023-11-03,9.53,9.56,9.47,9.52,705463.0
2023-11-06,9.55,9.73,9.55,9.73,1007062.0
2023-11-07,9.7,9.7,9.62,9.64,640866.0
2023-11-08,9.62,9.64,9.49,9.54,877819.0
2023-11-09,9.5,9.56,9.47,9.53,639136.0
2023-11-10,9.49,9.51,9.33,9.34,1045044.0
2023-11-13,9.35,9.37,9.26,9.29,770043.0
2023-11-14,9.28,9.37,9.27,9.31,596859.0
2023-11-15,9.41,9.49,9.38,9.41,1109140.0
2023-11-16,9.42,9.43,9.27,9.28,922622.0
2023-11-17,9.26,9.29,9.16,9.19,903362.0
2023-11-20,9.19,9.26,9.14,9.23,639528.0
2023-11-21,9.27,9.39,9.26,9.32,1041166.0
2023-11-22,9.3,9.35,9.18,9.2,737490.0
2023-11-23,9.19,9.2,9.11,9.19,846656.0
2023-11-24,9.15,9.17,9.12,9.14,684695.0
2023-11-27,9.13,9.13,9.01,9.05,836188.0
2023-11-28,9.03,9.06,8.99,8.99,786175.0
2023-11-29,8.99,9.01,8.74,8.76,1467597.0
2023-11-30,8.73,8.77,8.66,8.72,901765.0
2023-12-01,8.69,8.72,8.62,8.7,778057.0
2023-12-04,8.71,8.72,8.65,8.67,605438.0
2023-12-05,8.65,8.66,8.51,8.52,787378.0
2023-12-06,8.48,8.61,8.44,8.54,753056.0
2023-12-07,8.53,8.53,8.42,8.48,585380.0
2023-12-08,8.45,8.49,8.34,8.34,1021152.0
2023-12-11,8.26,8.42,8.17,8.39,1133663.0
2023-12-12,8.35,8.54,8.34,8.46,855016.0
2023-12-13,8.42,8.43,8.19,8.2,1061302.0
2023-12-14,8.25,8.32,8.19,8.19,742901.0
2023-12-15,8.24,8.39,8.23,8.25,988939.0
2023-12-18,8.22,8.28,8.13,8.17,654426.0
2023-12-19,8.16,8.21,8.11,8.14,644071.0
2023-12-20,8.15,8.19,8.07,8.07,715634.0
2023-12-21,8.05,8.23,8.03,8.21,1017047.0
2023-12-22,8.23,8.32,8.15,8.24,1005645.0
2023-12-25,8.22,8.24,8.18,8.23,413971.0
2023-12-26,8.23,8.24,8.11,8.14,541896.0
2023-12-27,8.14,8.17,8.06,8.16,641534.0
2023-12-28,8.15,8.51,8.12,8.49,1661592.0
2023-12-29,8.46,8.52,8.39,8.43,853853.0
2024-01-02,8.43,8.46,8.25,8.25,1158366.0
2024-01-03,8.23,8.26,8.19,8.24,733610.0
2024-01-04,8.23,8.23,8.12,8.15,864194.0
2024-01-05,8.14,8.48,8.11,8.31,1991622.0
2024-01-08,8.27,8.34,8.15,8.19,1121156.0
2024-01-09,8.2,8.23,8.13,8.22,766194.0
2024-01-10,8.2,8.23,8.13,8.13,858621.0
2024-01-11,8.12,8.26,8.07,8.21,934686.0
2024-01-12,8.17,8.31,8.15,8.23,772582.0
2024-01-15,8.2,8.33,8.17,8.25,745133.0
2024-01-16,8.23,8.39,8.2,8.38,1438313.0
2024-01-17,8.37,8.43,8.27,8.27,1482296.0
2024-01-18,8.25,8.28,8.04,8.24,1755132.0
2024-01-19,8.2,8.24,8.14,8.21,963981.0
2024-01-22,8.2,8.3,8.08,8.14,1580320.0
2024-01-23,8.09,8.22,8.0,8.2,1135545.0
2024-01-24,8.27,8.38,8.11,8.37,1759123.0
2024-01-25,8.37,8.58,8.31,8.54,2162514.0
2024-01-26,8.51,8.71,8.48,8.66,2272287.0
2024-01-29,8.73,8.92,8.62,8.74,2376252.0
2024-01-30,8.65,8.74,8.53,8.54,1579122.0
2024-01-31,8.5,8.6,8.42,8.5,1357217.0
2024-02-01,8.45,8.52,8.38,8.45,1055260.0
2024-02-02,8.46,8.51,8.11,8.31,1634214.0
2024-02-05,8.23,8.47,8.15,8.42,1803592.0
2024-02-06,8.34,8.72,8.33,8.72,1995410.0
2024-02-07,8.66,8.71,8.52,8.65,2062015.0
2024-02-08,8.62,8.71,8.56,8.71,1656814.0
2024-02-19,8.8,8.85,8.69,8.85,1605243.0
2024-02-20,8.83,8.88,8.77,8.86,1123564.0
2024-02-21,8.82,9.84,8.81,9.84,5055285.0
2024-02-22,9.69,9.95,9.66,9.94,4922325.0
2024-02-23,9.92,10.28,9.88,9.89,3567480.0
2024-02-26,9.82,9.92,9.54,9.57,2862609.0
2024-02-27,9.53,9.64,9.5,9.54,1981905.0
2024-02-28,9.55,9.74,9.44,9.53,3082693.0
2024-02-29,9.46,9.63,9.45,9.63,1845344.0
2024-03-01,9.63,9.64,9.47,9.53,1828103.0
2024-03-04,9.49,9.54,9.36,9.37,1655930.0
2024-03-05,9.34,9.51,9.3,9.47,1817319.0
2024-03-06,9.44,9.49,9.37,9.37,1345640.0
2024-03-07,9.37,9.68,9.37,9.42,2016166.0
2024-03-08,9.39,9.48,9.34,9.42,1113974.0
2024-03-11,9.42,9.51,9.38,9.51,1210673.0
2024-03-12,9.52,9.63,9.45,9.6,1641262.0
2024-03-13,9.57,9.59,9.34,9.37,1768039.0
2024-03-14,9.34,9.42,9.24,9.27,1409400.0
2024-03-15,9.59,9.79,9.54,9.64,3750208.0
2024-03-18,9.6,9.65,9.53,9.58,1671397.0
2024-03-19,9.57,9.58,9.43,9.44,1293216.0
2024-03-20,9.42,9.51,9.41,9.49,872663.0
2024-03-21,9.49,9.56,9.46,9.51,864466.0
2024-03-22,9.49,9.49,9.35,9.4,1028142.0
2024-03-25,9.39,9.53,9.36,9.44,953202.0
2024-03-26,9.49,9.7,9.46,9.64,1740021.0
2024-03-27,9.6,9.67,9.55,9.57,1274136.0
2024-03-28,9.55,9.61,9.42,9.53,1302189.0
2024-03-29,9.49,9.61,9.47,9.56,872759.0
2024-04-01,9.56,9.69,9.55,9.68,1191088.0
2024-04-02,9.67,9.72,9.57,9.59,1085458.0
2024-04-03,9.57,9.59,9.46,9.5,981846.0
2024-04-08,9.46,9.53,9.41,9.47,906361.0
2024-04-09,9.47,9.51,9.4,9.44,857157.0
2024-04-10,9.42,9.45,9.31,9.32,1246391.0
2024-04-11,9.28,9.33,9.16,9.29,1010213.0
2024-04-12,9.26,9.31,9.08,9.1,1305454.0
2024-04-15,9.11,9.36,9.1,9.33,1453203.0
2024-04-16,9.32,9.43,9.26,9.32,1478036.0
2024-04-17,9.3,9.67,9.25,9.66,2232641.0
2024-04-18,9.62,10.07,9.6,9.84,3165914.0
2024-04-19,9.75,9.86,9.7,9.73,1457675.0
2024-04-22,9.68,9.85,9.49,9.54,2009818.0
2024-04-23,9.55,9.69,9.5,9.58,1240027.0
2024-04-24,9.56,9.61,9.5,9.57,941568.0
2024-04-25,9.54,9.66,9.52,9.65,1113812.0
2024-04-26,9.63,9.71,9.52,9.64,1607628.0
2024-04-29,9.6,9.94,9.56,9.85,2169177.0
2024-04-30,9.84,9.92,9.77,9.83,1324557.0
2024-05-06,10.0,10.15,9.88,9.93,1784101.0
2024-05-07,9.91,9.93,9.8,9.92,1087057.0
2024-05-08,9.88,9.92,9.75,9.77,1221791.0
2024-05-09,9.75,9.86,9.75,9.8,1069461.0
2024-05-10,9.81,10.0,9.8,9.98,1767836.0
2024-05-13,9.94,10.05,9.85,10.01,1402499.0
2024-05-14,10.04,10.1,9.92,9.95,1075784.0
2024-05-15,9.94,9.96,9.85,9.87,868297.0
2024-05-16,9.89,10.25,9.87,10.21,3076292.0
2024-05-17,10.22,10.46,10.17,10.46,2841749.0
2024-05-20,10.47,10.57,10.35,10.42,2170210.0
2024-05-21,10.36,10.66,10.35,10.59,2030049.0
2024-05-22,10.6,10.78,10.5,10.6,2115531.0
2024-05-23,10.57,10.63,10.41,10.44,1841623.0
2024-05-24,10.41,10.53,10.34,10.35,1398276.0
2024-05-27,10.35,10.57,10.35,10.55,1454361.0
2024-05-28,10.54,10.62,10.4,10.44,1204323.0
2024-05-29,10.42,10.49,10.27,10.3,1444811.0
2024-05-30,10.28,10.38,10.1,10.16,1325496.0
2024-05-31,10.18,10.23,10.15,10.15,826707.0
2024-06-03,10.16,10.17,9.95,10.02,1326697.0
2024-06-04,9.99,10.09,9.95,10.06,981005.0
2024-06-05,10.08,10.11,9.91,9.91,1018968.0
2024-06-06,9.94,10.02,9.92,9.94,1049332.0
2024-06-07,9.96,10.05,9.93,10.03,1170126.0
2024-06-11,10.02,10.06,9.83,9.91,1337629.0
2024-06-12,9.89,9.95,9.82,9.92,957426.0
2024-06-13,9.93,9.97,9.84,9.84,1203508.0
2024-06-14,9.9,9.98,9.74,9.93,1637990.0
2024-06-17,9.88,9.91,9.83,9.85,681217.0
2024-06-18,9.86,9.91,9.79,9.83,700653.0
2024-06-19,9.85,9.96,9.83,9.9,796184.0
2024-06-20,9.91,9.92,9.8,9.8,629628.0
2024-06-21,9.8,9.84,9.7,9.75,830545.0
2024-06-24,9.72,9.82,9.63,9.73,947082.0
2024-06-25,9.74,9.88,9.73,9.83,769993.0
2024-06-26,9.81,9.88,9.77,9.83,628599.0
2024-06-27,9.81,9.96,9.75,9.88,928882.0
2024-06-28,9.85,10.01,9.84,9.9,918090.0
2024-07-01,9.84,10.1,9.79,10.1,1343051.0
2024-07-02,10.05,10.23,10.03,10.15,1384386.0
2024-07-03,10.15,10.18,10.04,10.06,713067.0
2024-07-04,10.05,10.13,10.0,10.01,735044.0
2024-07-05,10.01,10.04,9.67,9.72,1713354.0
2024-07-08,9.69,9.77,9.6,9.68,868660.0
2024-07-09,9.69,9.85,9.66,9.82,1032485.0
2024-07-10,9.82,9.95,9.8,9.89,873865.0
2024-07-11,9.96,9.98,9.82,9.88,721392.0
2024-07-12,9.87,10.06,9.87,10.06,1214164.0
2024-07-15,10.06,10.1,10.01,10.08,869412.0
2024-07-16,10.08,10.12,9.99,10.05,943008.0
2024-07-17,10.05,10.17,10.03,10.15,1220168.0
2024-07-18,10.13,10.18,10.05,10.16,1087061.0
2024-07-19,10.13,10.17,10.04,10.12,898723.0
2024-07-22,10.11,10.13,9.94,9.98,994481.0
2024-07-23,10.0,10.08,9.91,9.93,1020154.0
2024-07-24,9.93,9.99,9.87,9.88,724518.0
2024-07-25,9.87,9.9,9.75,9.84,856404.0
2024-07-26,9.85,9.87,9.72,9.78,929552.0
2024-07-29,9.77,9.89,9.72,9.86,781552.0
2024-07-30,9.85,9.88,9.78,9.83,613268.0
2024-07-31,9.83,10.03,9.82,10.02,1096906.0
2024-08-01,10.0,10.07,9.92,10.02,733884.0
2024-08-02,9.97,10.0,9.88,9.89,590229.0
2024-08-05,9.86,9.97,9.8,9.8,758979.0
2024-08-06,9.82,9.87,9.64,9.68,1265537.0
2024-08-07,9.7,9.73,9.66,9.68,517608.0
2024-08-08,9.67,9.73,9.65,9.69,500411.0
2024-08-09,9.71,9.85,9.69,9.79,730274.0
2024-08-12,9.77,9.8,9.73,9.76,353013.0
2024-08-13,9.77,9.78,9.67,9.7,622077.0
2024-08-14,9.69,9.73,9.66,9.67,436380.0
2024-08-15,9.67,9.81,9.62,9.78,776247.0
2024-08-16,9.83,9.96,9.8,9.88,1260368.0
2024-08-19,9.88,10.05,9.87,10.04,1482985.0
2024-08-20,10.07,10.18,10.03,10.09,1569187.0
2024-08-21,10.05,10.13,9.96,10.1,1034888.0
2024-08-22,10.09,10.2,10.07,10.13,1109030.0
2024-08-23,10.14,10.25,10.07,10.22,1071906.0
2024-08-26,10.25,10.3,10.17,10.24,740675.0
2024-08-27,10.22,10.27,10.12,10.18,723137.0
2024-08-28,10.16,10.18,10.03,10.08,942548.0
2024-08-29,10.06,10.13,9.86,9.88,1197676.0
2024-08-30,9.86,10.01,9.86,9.91,1294059.0
2024-09-02,9.87,9.96,9.84,9.86,968836.0
2024-09-03,9.86,9.88,9.75,9.83,916581.0
2024-09-04,9.8,9.9,9.75,9.77,847992.0
2024-09-05,9.78,9.83,9.73,9.82,594209.0
2024-09-06,9.81,9.96,9.8,9.83,878865.0
2024-09-09,9.8,9.82,9.59,9.6,1639175.0
2024-09-10,9.61,9.67,9.53,9.65,767901.0
2024-09-11,9.63,9.63,9.38,9.4,1108727.0
2024-09-12,9.4,9.52,9.36,9.49,581834.0
2024-09-13,9.48,9.57,9.45,9.45,566462.0
2024-09-18,9.47,9.53,9.41,9.52,443611.0
2024-09-19,9.54,9.59,9.43,9.56,684293.0
2024-09-20,9.56,9.65,9.53,9.65,797297.0
2024-09-23,9.64,9.84,9.62,9.79,896908.0
2024-09-24,9.86,10.12,9.83,10.12,1638213.0
2024-09-25,10.27,10.45,10.2,10.25,2160694.0
2024-09-26,10.25,10.9,10.25,10.9,3086457.0
2024-09-27,11.1,11.31,10.78,11.17,3840016.0
2024-09-30,11.37,12.05,11.31,11.96,5430284.0
2024-10-08,13.18,13.18,12.09,12.63,5888978.0
2024-10-09,12.38,12.38,11.41,11.43,4269345.0
2024-10-10,11.62,12.26,11.6,11.98,3426422.0
2024-10-11,12.0,12.17,11.58,11.72,2070891.0
2024-10-14,11.98,12.18,11.79,12.02,2400595.0
2024-10-15,11.94,12.23,11.88,11.9,2072841.0
2024-10-16,11.8,12.18,11.77,12.06,1914494.0
2024-10-17,12.07,12.23,11.93,11.95,1653708.0
2024-10-18,11.91,12.18,11.68,12.04,2604654.0
2024-10-21,11.94,11.94,11.63,11.81,2806655.0
2024-10-22,11.76,11.93,11.72,11.79,1617787.0
2024-10-23,11.82,11.89,11.75,11.86,1511866.0
2024-10-24,11.81,11.86,11.72,11.75,885299.0
2024-10-25,11.77,11.78,11.69,11.71,1105755.0
2024-10-28,11.68,11.68,11.53,11.64,1169487.0
2024-10-29,11.62,11.74,11.53,11.54,1198025.0
2024-10-30,11.5,11.58,11.27,11.32,1482403.0
2024-10-31,11.33,11.44,11.24,11.38,1250205.0
